hostname,interface,description,bundle_id
CABN5695CICU001,TenGigE0/0/1/8.4081,PID1-1A669KX_CITI CABLEWORLD INC._CABHUDE020, 
CABN5695CICU001,BVI100021025,CABHUOL001 IPTV DHCP, 
CABN5695CICU001,BVI100022024,CABHUOL001 FTTH RTP, 
CABN5695CICU001,BVI100031025,ALGHUOL001 IPTV DHCP, 
CABN5695CICU001,BVI100032024,ALGHUOL001 FTTH RTP, 
CABN5695CICU001,BVI100061024,MNXFEOL001 FTTH RTP, 
CABN5695CICU001,BVI100061025,MNXFEOL001 IPTV DHCP, 
CABN5695CICU001,BVI100081025,SRNHUOL001 IPTV DHCP, 
CABN5695CICU001,BVI100082024,SRNHUOL001 FTTH RTP, 
CABN5695CICU001,BVI100111025,TVRHUOL001 IPTV DHCP, 
CABN5695CICU001,BVI100112024,TVRHUOL001 FTTH RTP, 
BATS0002CICU001,TenGigE0/0/1/2.4081,"PID1-18BKHCO_KABAYAN CABLE TV SYSTEMS, INC._SJEHUDE002", 
BATS0002CICU001,TenGigE0/1/1/3.3201,S3904_3G_IPR40003_OAM_1_CR-20210405-00532, 
BATS0002CICU001,TenGigE0/1/1/3.3221,S3904_3G_IPR40001_IUB_1_CR-20210405-00532, 
BATS0002CICU001,TenGigE0/1/1/3.3280,S3904_3G_IPR40002_SYNC_1_CR-20210405-00532, 
BATS0002CICU001,TenGigE0/1/1/3.3401,S3904_FD_IPR40003_OAM_1_CR-20210405-00532, 
BATS0002CICU001,TenGigE0/1/1/3.3421,S3904_FD_IPR40004_S1_1_CR-20210405-00532, 
BATS0002CICU001,TenGigE0/1/1/3.3481,S3904_FD_IPR40002_SYNC_1_CR-20210405-00532, 
BATS0002CICU001,TenGigE0/1/1/3.4081,RID136881_S3904 BATANGAS OFFICE - WINNABLE OFFICE_BATHUDE078, 
BATS0002CICU001,TenGigE0/2/1/3.4081,PID1-18CQUZD_PHILIPPINE GLOBAL COMMUNICATIONS INC._BATHUDE059, 
BATS0002CICU001,BVI50011025,BATS0002CICU001 _MSAN IPTV DHCP, 
BATS0002CICU001,BVI100021024,BATFEOL002 FTTH RTP, 
BATS0002CICU001,BVI100021025,BATFEOL002 IPTV DHCP, 
BATS0002CICU001,BVI100031024,BATFEOL003 FTTH RTP, 
BATS0002CICU001,BVI100031025,BATFEOL003 IPTV DHCP, 
BATS0002CICU001,BVI100041024,BATFEOL004 FTTH RTP, 
BATS0002CICU001,BVI100041025,BATFEOL004 IPTV DHCP, 
PRQG0049CIBE001,TenGigE0/1/0/47.4010,DHCP server for IPTV, 
PRQG0049CIBE001,TenGigE0/1/0/47.4011,DHCP server for VOIP, 
PRQG0049CIBE001,TenGigE0/1/0/47.4012,DHCP server for IPTV, 
PRQG0049CIBE001,TenGigE0/1/0/47.4013,DHCP server for VOIP, 
PRQG0049CIBE001,TenGigE0/6/0/47.4010,DHCP server for IPTV, 
PRQG0049CIBE001,TenGigE0/6/0/47.4011,DHCP server for VOIP, 
PRQG0049CIBE001,TenGigE0/6/0/47.4012,DHCP server for IPTV, 
PRQG0049CIBE001,TenGigE0/6/0/47.4013,DHCP server for VOIP, 
PRQG0049CIBE001,GigabitEthernet0/0/0/0.3496,***test pilot ent***, 
CKLN8004CIBE001,GigabitEthernet0/1/0/44,, 
CKLN8004CIBE001,TenGigE0/1/0/8.1601,**Connected to CKL3922CIAS003 DC2-ACI**, 
CKLN8004CIBE001,TenGigE0/1/0/8.1602,**Connected to CKL3922CIAS003 DC2-ACI**, 
CKLN8004CIBE001,TenGigE0/1/0/8.1609,**Connected to CKL3922CIAS003 DC2-ACI**, 
CKLN8004CIBE001,TenGigE0/1/0/8.1610,**Connected to CKL3922CIAS003 DC2-ACI**, 
CKLN8004CIBE001,TenGigE0/1/0/8.1651,**Connected to CKL3922CIAS003 DC2-ACI NSO VM**, 
CKLN8004CIBE001,TenGigE0/1/0/9.1605,**Connected to CKL3922CIAS004 DC2-ACI**, 
CKLN8004CIBE001,TenGigE0/1/0/9.1606,**Connected to CKL3922CIAS004 DC2-ACI**, 
CKLN8004CIBE001,TenGigE0/1/0/9.1613,**Connected to CKL3922CIAS004 DC2-ACI**, 
CKLN8004CIBE001,TenGigE0/1/0/9.1614,**Connected to CKL3922CIAS004 DC2-ACI**, 
CKLN8004CIBE001,TenGigE0/1/0/41.4072,IPR40003_OAM_CKL03922OSTC001_Access1, 
CKLN8004CIBE001,TenGigE0/1/0/41.4073,IPR40000_ABIS_CKL03922OSTC001_Access1, 
CKLN8004CIBE001,TenGigE0/1/0/41.4075,DP_CKL03922OSTC001_Access1_FREQ 8265.1_PHASE 8275.1, 
CKLN8004CIBE001,TenGigE0/1/0/41.4081,DP_CKL03922OSTC001_Access1_NMS, 
CKLN8004CIBE001,HundredGigE0/0/0/6.720,IPR40003_OAM_SMART_Vitro_Clark_NL2DCGW01_02_OM_CN_RID157112, 
CKLN8004CIBE001,HundredGigE0/0/0/6.730,IPR40010_GPRS_SMART_Vitro_Clark_NL2DCGW01_02_Media_CN_RID157112, 
CKLN8004CIBE001,HundredGigE0/0/0/6.740,IPR40007_SIGTRAN_SMART_Vitro_Clark_NL2DCGW01_02_Sig_CN_RID157112, 
CKLN8004CIBE001,HundredGigE0/0/0/6.760,IPR40004_S1_SMART_Vitro_Clark_NL2DCGW01_02_RAN_RID157112, 
CKLN8004CIBE001,HundredGigE0/0/0/6.770,IPR40013_MBP_SMART_Vitro_Clark_NL2DCGW01_02_Ext_Int_RID157112, 
TNWS0056CICN001,GigabitEthernet0/3/0/8,**Connected to NCS1002***, 
SPC00E67CIBE002,GigabitEthernet0/1/0/44,**Connected to MKTG3610CILB029 GigabitEthernet1/1/2**, 
TAG00H21CIBE001,GigabitEthernet0/1/0/44,**Connected to NCS1002 TAGPXSOTCINC201 Mgmt Interface***, 
TAG00H21CIBE001,GigabitEthernet0/1/0/45,**Connected to NCS1002 TAGPXSOTCINC201 Mgmt Interface***, 
NSBS0051CIBE001,GigabitEthernet0/1/0/45,**Connected to NCS1002 NSBPXNSBCINC201 Mgmt Interface***, 
NSBS0051CIBE001,TenGigE0/1/0/0.4072,IPR40003_OAM_NSBS0051OSTC001_Access1, 
NSBS0051CIBE001,TenGigE0/1/0/0.4073,IPR40000_ABIS_NSBS0051OSTC001_Access1, 
NSBS0051CIBE001,TenGigE0/1/0/0.4075,DP_NSBS0051OSTC001_Access1_FREQ 8265.1_PHASE 8275.1, 
NSBS0051CIBE001,TenGigE0/1/0/0.4081,DP_NSBS0051OSTC001_Access1_NMS, 
NSBS0051CIBE001,TenGigE0/1/0/41.4012,DHCP server for IPTV, 
NSBS0051CIBE001,TenGigE0/1/0/41.4013,DHCP server for VOIP, 
NSBS0051CIBE001,TenGigE0/1/0/43.4012,DHCP server for IPTV, 
NSBS0051CIBE001,TenGigE0/1/0/43.4013,DHCP server for VOIP, 
LCN04117CIRO002,MgmtEth0/RSP0/CPU0/0,, 
LCN04117CIRO002,MgmtEth0/RSP1/CPU0/0,, 
CAB06118CIBE002,GigabitEthernet0/1/0/44,**Connected to CAB06118CILB029 GigabitEthernet1/1/4**, 
CAB06118CIBE002,TenGigE0/1/0/13.3100,RNC1204 SB (IuB), 
CAB06118CIBE002,TenGigE0/1/0/14.4074,RNC1214 SB (IuB), 
CAB06118CIBE002,TenGigE0/1/0/41.4012,DHCP server for IPTV, 
CAB06118CIBE002,TenGigE0/1/0/41.4013,DHCP server for VOIP, 
CAB06118CIBE002,TenGigE0/1/0/43.4012,DHCP server for IPTV, 
CAB06118CIBE002,TenGigE0/1/0/43.4013,DHCP server for VOIP, 
IDGPXIDGCICN001,GigabitEthernet0/3/0/8,DP_IDGPXIDGCINC301 Management, 
PRQ06653CIBP001,GigabitEthernet0/0/0/2,, 
PRQ06653CIBP001,GigabitEthernet0/0/0/3,**Connected to NCS1001**, 
PRQ06653CIBP001,MgmtEth0/RSP0/CPU0/0,, 
SROPXSROCICU001,TenGigE0/0/1/0.3000,S3658_2G_OAM_1_CR-20210310-00446, 
SROPXSROCICU001,TenGigE0/0/1/0.3020,S3658_2G_ABIS_1_CR-20210310-00446, 
SROPXSROCICU001,TenGigE0/0/1/0.3080,S3658_2G_SYNC_1_CR-20210310-00446, 
SROPXSROCICU001,TenGigE0/0/1/0.3200,S3658_3G_OAM_1_CR-20210310-00446, 
SROPXSROCICU001,TenGigE0/0/1/0.3220,S3658_3G_IUB_1_CR-20210310-00446, 
SROPXSROCICU001,TenGigE0/0/1/0.3400,S3658_FD_OAM_1_CR-20210310-00446, 
SROPXSROCICU001,TenGigE0/0/1/0.3420,S3658_FD_S1_1_CR-20210310-00446, 
SROPXSROCICU001,TenGigE0/0/1/0.3480,S3658_FD_SYNC_1_CR-20210310-00446, 
SROPXSROCICU001,TenGigE0/0/1/0.4081,PID97172_NEW SINAI MDI_SROHUDE039, 
SROPXSROCICU001,BVI100011024,IPR30903_FTTH_VoIP_Prod_SROFEOL002_FTTH_RTP, 
SROPXSROCICU001,BVI100011025,IPR30076_IPTV_SROFEOL002_IPTV_DHCP, 
SROPXSROCICU001,BVI100021024,IPR30903_FTTH_VoIP_Prod_SROFEOL003_FTTH_RTP, 
SROPXSROCICU001,BVI100021025,IPR30076_IPTV_SROFEOL003_IPTV_DHCP, 
TMSPXTMSCICN001,GigabitEthernet0/3/0/8,DP_TMSPXTMSCINC301 Management, 
SFPN3827CIBE0002,GigabitEthernet0/1/0/44,*** TC_SFPN3827CILB015 GigabitEthernet1/1/4: SFPGEFD048 DFON-IPBB F49/50 ***, 
SFPN3827CIBE0002,TenGigE0/6/0/16.4074,RNC1221 SB (IuB), 
MLLN3874CIBE001,GigabitEthernet0/1/0/45,DP_MLLPXMLLCINC202-NCS1002 Eth0, 
MLLN3874CIBE001,TenGigE0/1/0/4.4072,IPR40003_OAM_MLLN3874OSTC001_Access1, 
MLLN3874CIBE001,TenGigE0/1/0/4.4073,IPR40000_ABIS_MLLN3874OSTC001_Access1, 
MLLN3874CIBE001,TenGigE0/1/0/4.4075,DP_MLLN3874OSTC001_Access1_FREQ 8265.1_PHASE 8275.1, 
MLLN3874CIBE001,TenGigE0/1/0/4.4081,DP_MLLN3874OSTC001_Access1_NMS, 
MLLN3874CIBE001,TenGigE0/1/0/43.4012,DHCP server for IPTV, 
MLLN3874CIBE001,TenGigE0/1/0/43.4013,DHCP server for VOIP, 
MLLN3874CIBE001,TenGigE0/6/0/43.4012,DHCP server for IPTV, 
MLLN3874CIBE001,TenGigE0/6/0/43.4013,DHCP server for VOIP, 
KAWS0016CIBE001,GigabitEthernet0/1/0/45,**Connected to NCS1002-1 Mgmt Interface**, 
KAWS0016CIBE001,GigabitEthernet0/1/0/47.102,"PID1-QCR56U_COCA-COLA BEVERAGES PHILIPPINES, INC._BRAINS IPVPN-LL_60M", 
KAWS0016CIBE001,GigabitEthernet0/1/0/47.103,PHMORRS_PID101413861, 
KAWS0016CIBE001,GigabitEthernet0/1/0/47.105,"PID1-1C5KLKA_SIDSMPI03-022021-37124_SHIN-ETSU MAGNETICS PHILS, INC_BRAINS IPVPN-LL_2M", 
KAWS0016CIBE001,GigabitEthernet0/1/0/47.106,PID1-174FOJ9_PHILIPPINE HEALTH INSURANCE CORPORATION_BRAINS IPVPN-LL_10M, 
KAWS0016CIBE001,GigabitEthernet0/1/0/47.107,SOUTH_PID1-116UGDU, 
KAWS0016CIBE001,GigabitEthernet0/1/0/47.108,TOYOTA_PID1-11VODQC, 
KAWS0016CIBE001,GigabitEthernet0/1/0/47.109,MEYWARE_PID1-RPDV44, 
KAWS0016CIBE001,GigabitEthernet0/1/0/47.110,GGPC_PID101759814, 
KAWS0016CIBE001,GigabitEthernet0/1/0/47.111,SMPI_PID101755320, 
KAWS0016CIBE001,GigabitEthernet0/1/0/47.112,PID1-174G2LA_PHILIPPINE HEALTH INSURANCE CORPORATION_BRAINS IPVPN-LL_4M, 
KAWS0016CIBE001,GigabitEthernet0/1/0/47.113,BANCNET_PID101769321, 
KAWS0016CIBE001,GigabitEthernet0/1/0/47.115,PAXYS_PID1-NI5U2Y, 
KAWS0016CIBE001,GigabitEthernet0/1/0/47.116,NASUGBU_PIDTN#13382084, 
KAWS0016CIBE001,GigabitEthernet0/1/0/47.117,PLDTSIP_PID558741, 
KAWS0016CIBE001,GigabitEthernet0/1/0/47.119,ORIXMET_PID101694224, 
KAWS0016CIBE001,GigabitEthernet0/1/0/47.120,IONE_PID1-YHKE56, 
KAWS0016CIBE001,GigabitEthernet0/1/0/47.121,JFC_PID1-MSK8Q0, 
KAWS0016CIBE001,GigabitEthernet0/1/0/47.122,PID1-1CIUG8S_DHL EXPRESS (PHILIPPINES) CORP._BRAINS IPVPN-LL_6M, 
KAWS0016CIBE001,GigabitEthernet0/1/0/47.124,PID1-PQRW7Y KDDI KDDI_YAZAKI, 
KAWS0016CIBE001,GigabitEthernet0/1/0/47.125,EWBANK_PID 1-Q7PPCE, 
KAWS0016CIBE001,GigabitEthernet0/1/0/47.128,CRDMRI_PID1-RDOMXB, 
KAWS0016CIBE001,GigabitEthernet0/1/0/47.129,BANCNET_PID1-RDNZ7A, 
KAWS0016CIBE001,GigabitEthernet0/1/0/47.130,ROXAS_PID1-PJ5I1W, 
KAWS0016CIBE001,GigabitEthernet0/1/0/47.131,BOC_PID1-P6QHEI, 
KAWS0016CIBE001,GigabitEthernet0/1/0/47.132,PID1-PQN6NU KDDI KDDI_SAGARA, 
KAWS0016CIBE001,GigabitEthernet0/1/0/47.133,LEISURE_QID1-SCO3Y5, 
KAWS0016CIBE001,GigabitEthernet0/1/0/47.134,AYALA_AWS_PID1-YBNESY, 
KAWS0016CIBE001,GigabitEthernet0/1/0/47.135,CHMC_PID1-QDWBFF, 
KAWS0016CIBE001,GigabitEthernet0/1/0/47.138,SEARCA_PID1-S6CNZX, 
KAWS0016CIBE001,GigabitEthernet0/1/0/47.139,EXTPI_PID1-ROYK9G, 
KAWS0016CIBE001,GigabitEthernet0/1/0/47.140,PLDTSIP_PIDnone_NMMC, 
KAWS0016CIBE001,GigabitEthernet0/1/0/47.142,SKMOTO_PID1-ROBLKW, 
KAWS0016CIBE001,GigabitEthernet0/1/0/47.143,NBCCTC_QID1-RBQVUQ, 
KAWS0016CIBE001,GigabitEthernet0/1/0/47.144,VTECH_PID1-Q4DZIS, 
KAWS0016CIBE001,GigabitEthernet0/1/0/47.145,BOC_PID1-P7N3GH, 
KAWS0016CIBE001,GigabitEthernet0/1/0/47.146,LEISURE_QID1-SCOSLO, 
KAWS0016CIBE001,GigabitEthernet0/1/0/47.147,BANCNET_PID1-TGZRWK, 
KAWS0016CIBE001,GigabitEthernet0/1/0/47.148,"PID1-18B4T7S_ONE FOOD GROUP MANAGEMENT SERVICES, INC._BRAINS IPVPN-LL_2M", 
KAWS0016CIBE001,GigabitEthernet0/1/0/47.149,IONE_PID1-OSJZV6_TD_01/March/21, 
KAWS0016CIBE001,GigabitEthernet0/1/0/47.150,IONE_PID1-TKC4FF TD_8APR2021, 
KAWS0016CIBE001,GigabitEthernet0/1/0/47.153,JFC_PID1-MSK8L4, 
KAWS0016CIBE001,GigabitEthernet0/1/0/47.154,DPWH_PID1-POQZC7, 
KAWS0016CIBE001,GigabitEthernet0/1/0/47.155,DPWH_PID1-POR98J, 
KAWS0016CIBE001,GigabitEthernet0/1/0/47.156,BOC_QID1-R5LYRP, 
KAWS0016CIBE001,GigabitEthernet0/1/0/47.158,BIRMO_PID1-T6DQD3, 
KAWS0016CIBE001,GigabitEthernet0/1/0/47.160,PRITECH_PID1-XHXHUK, 
KAWS0016CIBE001,GigabitEthernet0/1/0/47.161,FUJIELC_PID1-XGB9FY, 
KAWS0016CIBE001,GigabitEthernet0/1/0/47.162,UNION_PID1-XGHSD8, 
KAWS0016CIBE001,GigabitEthernet0/1/0/47.163,YCAB_PID1-VNS456, 
KAWS0016CIBE001,GigabitEthernet0/1/0/47.167,PLNETC_PID80677, 
KAWS0016CIBE001,GigabitEthernet0/1/0/47.168,PID1-1AFA0SQ_ASIA BREWERY INC._BRAINS IPVPN-LL_14M, 
KAWS0016CIBE001,GigabitEthernet0/1/0/47.184,PID1-190RX1U_SANDEN INTERNATIONAL PHILIPPINES INC._BRAINS IPVPN-LL_2M, 
KAWS0016CIBE001,GigabitEthernet0/1/0/47.191,PID1-1BRCHK4_BANGKO SENTRAL NG PILIPINAS_BRAINS IPVPN-LL_10M, 
KAWS0016CIBE001,GigabitEthernet0/1/0/47.2137,"PID104576591_SIDMD03-022021-68045_MD DISTRIPARK MANILA, INC._BRAINS IPVPN-LL_6M", 
KAWS0016CIBE001,TenGigE0/1/0/0.4072,IPR40003_OAM_KAWS0016OSTC001_Access1, 
KAWS0016CIBE001,TenGigE0/1/0/0.4073,IPR40000_ABIS_KAWS0016OSTC001_Access1, 
KAWS0016CIBE001,TenGigE0/1/0/0.4075,DP_KAWS0016OSTC001_Access1_PRTC_FFREQ 8265.1_PHASE 8275.1, 
KAWS0016CIBE001,TenGigE0/1/0/0.4081,DP_KAWS0016OSTC001_Access1_NMS, 
KAWS0016CIBE001,TenGigE0/1/0/43.4012,DHCP server for IPTV, 
KAWS0016CIBE001,TenGigE0/1/0/43.4013,DHCP server for VOIP, 
KAWS0016CIBE001,TenGigE0/6/0/43.4012,DHCP server for IPTV, 
KAWS0016CIBE001,TenGigE0/6/0/43.4013,DHCP server for VOIP, 
KAWS0016CIBE001,TenGigE0/6/0/47.3100,RNC1501 SB (IuB), 
SFUN3814CIBE001,MgmtEth0/RSP0/CPU0/0,, 
SFUN3814CIBE001,TenGigE0/6/0/5.4072,IPR40003_OAM_SFU03835OSTC001_Access1, 
SFUN3814CIBE001,TenGigE0/6/0/5.4073,IPR40000_ABIS_SFU03835OSTC001_Access1, 
SFUN3814CIBE001,TenGigE0/6/0/5.4075,DP_SFU03835OSTC001_Access1_FREQ 8265.1_PHASE 8275.1, 
SFUN3814CIBE001,TenGigE0/6/0/5.4081,DP_SFU03835OSTC001_Access1_NMS, 
SFUN3814CIBE001,TenGigE0/6/0/11.3010,RNC1222 NB  VoIP (IuCS_IuR_U), 
SFUN3814CIBE001,TenGigE0/6/0/11.3020,RNC1222 NB Sigtran (IuC), 
SFUN3814CIBE001,TenGigE0/6/0/11.3030,RNC1222 NB OAM (IuBC), 
SFUN3814CIBE001,TenGigE0/6/0/11.3060,RNC1222 NB MBB (IuPS_U), 
SFUN3814CIBE001,TenGigE0/6/0/12.3100,RNC1222 SB (IuB), 
SFUN3814CIBE001,TenGigE0/6/0/13.1500,RNC1222 Test RBS (SYNC), 
SFUN3814CIBE001,TenGigE0/6/0/13.1700,RNC1222 Test RBS (IuB), 
SFUN3814CIBE001,TenGigE0/6/0/13.1800,RNC1222 Test RBS (OAM), 
SFUN3814CIBE001,TenGigE0/6/0/16.3100,RNC1200 SB (IuB), 
SFUN3814CIBE001,TenGigE0/6/0/17.3080,RNC1222 NB OAM (MuR), 
SFUN3814CIBE001,TenGigE0/6/0/41.4012,DHCP server for IPTV, 
SFUN3814CIBE001,TenGigE0/6/0/41.4013,DHCP server for VOIP, 
SFUN3814CIBE001,TenGigE0/6/0/43.4012,DHCP server for IPTV, 
SFUN3814CIBE001,TenGigE0/6/0/43.4013,DHCP server for VOIP, 
MCT03903CICU001,BVI100011025,DAUHUOL001 IPTV DHCP, 
MCT03903CICU001,BVI100012024,DAUHUOL001 FTTH RTP, 
MTP00H22CIBE002,TenGigE0/1/0/47.4012,DHCP server for IPTV, 
MTP00H22CIBE002,TenGigE0/1/0/47.4013,DHCP server for VOIP, 
MTP00H22CIBE002,TenGigE0/6/0/47.4012,DHCP server for IPTV, 
MTP00H22CIBE002,TenGigE0/6/0/47.4013,DHCP server for VOIP, 
DGPN3809CIBE002,GigabitEthernet0/1/0/44,**Connected to DGPN3809CILB011 GigabitEthernet1/1/4**, 
DGPN3809CIBE002,GigabitEthernet0/1/0/45,**Connected to NCS1002-2 Mgmt Interface**, 
DGPN3809CIBE002,TenGigE0/1/0/9.3010,RNC1224 NB  VoIP (IuCS_IuR_U), 
DGPN3809CIBE002,TenGigE0/1/0/9.3020,RNC1224 NB Sigtran (IuC), 
DGPN3809CIBE002,TenGigE0/1/0/9.3030,RNC1224 NB OAM (IuBC), 
DGPN3809CIBE002,TenGigE0/1/0/9.3060,RNC1224 NB MBB (IuPS_U), 
DGPN3809CIBE002,TenGigE0/1/0/10.3100,RNC1224 SB (IuB), 
DGPN3809CIBE002,TenGigE0/1/0/12.4074,RNC1212 SB (IuB), 
DGPN3809CIBE002,TenGigE0/6/0/0.3080,RNC1224 NB OAM (MuR), 
LBSS0059CICU001,BVI100011020,LBSFEOL001_FTTH_RTP_1020, 
LBSS0059CICU001,BVI100011024,LBSFEOL001_FTTH_RTP_1024, 
LBSS0059CICU001,BVI100011025,LBSFEOL001 IPTV DHCP, 
LBSS0059CICU001,BVI100021024,LBSFEOL002_FTTH_RTP_1024, 
LBSS0059CICU001,BVI100021025,LBSFEOL002 IPTV DHCP, 
NACS3561CICU001,GigabitEthernet0/0/0/8,DP_NACPXNACCINC001 Management, 
NACS3561CICU001,GigabitEthernet0/0/0/9,DP_NACPXNACCINC002 Management, 
NACS3561CICN001,MgmtEth0/RP0/CPU0/0,, 
NACS3561CICN001,MgmtEth0/RSP0/CPU0/0,, 
CBY04106CIBE002,TenGigE0/1/0/2.3100,RNC1502 SB (IuB), 
CBY04106CIBE002,TenGigE0/1/0/3.4074,RNC1513 SB (IuB), 
LAGN3816CIBE001,TenGigE0/1/0/16.3100,RNC1208 SB (IuB), 
LAGN3816CIBE001,TenGigE0/1/0/41.4012,DHCP server for IPTV, 
LAGN3816CIBE001,TenGigE0/1/0/41.4013,DHCP server for VOIP, 
LAGN3816CIBE001,TenGigE0/1/0/42.4012,DHCP server for IPTV, 
LAGN3816CIBE001,TenGigE0/1/0/42.4013,DHCP server for VOIP, 
BCN00550CICU001,BVI100011025,BCNHUOL001 IPTV DHCP, 
BCN00550CICU001,BVI100012024,BCNHUOL001 FTTH RTP, 
BNNS0801CICU001,TenGigE0/0/1/1.3000,S3762_2G_OAM_1_CR-20210406-00605, 
BNNS0801CICU001,TenGigE0/0/1/1.3001,S3762_2G_OAM_2_CR-20210406-00605, 
BNNS0801CICU001,TenGigE0/0/1/1.3020,S3762_2G_ABIS_1_CR-20210406-00605, 
BNNS0801CICU001,TenGigE0/0/1/1.3021,S3762_2G_ABIS_2_CR-20210406-00605, 
BNNS0801CICU001,TenGigE0/0/1/1.3080,S3762_2G_SYNC_1_CR-20210406-00605, 
BNNS0801CICU001,TenGigE0/0/1/1.3081,S3762_2G_SYNC_2_CR-20210406-00605, 
BNNS0801CICU001,TenGigE0/0/1/1.3200,S3762_3G_OAM_1_CR-20210406-00605, 
BNNS0801CICU001,TenGigE0/0/1/1.3201,S3762_3G_OAM_2_CR-20210406-00605, 
BNNS0801CICU001,TenGigE0/0/1/1.3220,S3762_3G_IUB_1_CR-20210406-00605, 
BNNS0801CICU001,TenGigE0/0/1/1.3221,S3762_3G_IUB_2_CR-20210406-00605, 
BNNS0801CICU001,TenGigE0/0/1/1.3280,S3762_3G_SYNC_1_CR-20210406-00605, 
BNNS0801CICU001,TenGigE0/0/1/1.3281,S3762_3G_SYNC_2_CR-20210406-00605, 
BNNS0801CICU001,TenGigE0/0/1/1.3400,S3762_FD_OAM_1_CR-20210406-00605, 
BNNS0801CICU001,TenGigE0/0/1/1.3401,S3762_FD_OAM_2_CR-20210406-00605, 
BNNS0801CICU001,TenGigE0/0/1/1.3420,S3762_FD_S1_1_CR-20210406-00605, 
BNNS0801CICU001,TenGigE0/0/1/1.3421,S3762_FD_S1_2_CR-20210406-00605, 
BNNS0801CICU001,TenGigE0/0/1/1.3480,S3762_FD_SYNC_1_CR-20210406-00605, 
BNNS0801CICU001,TenGigE0/0/1/1.3481,S3762_FD_SYNC_2_CR-20210406-00605, 
BNNS0801CICU001,TenGigE0/0/1/1.4081,RID129520_CITY OF BINAN - PERPETUAL HELP MEDICAL CENTER_BNNHUDE068, 
BNNS0801CICU001,BVI100021024,IPR30903_FTTH_VoIP_Prod_BNNFEOL002 FTTH RTP, 
BNNS0801CICU001,BVI100021025,IPR30076_IPTV_BNNFEOL002 IPTV DHCP, 
BNNS0801CICU001,BVI100031024,IPR30903_FTTH_VoIP_Prod_BNNFEOL003_FTTH_RTP, 
BNNS0801CICU001,BVI100031025,IPR30076_IPTV_BNNFEOL003_IPTV_DHCP, 
MKTG3610CIBE001,GigabitEthernet0/1/0/20,**Connected to VITRO MAKATI ISR4431 MKTG3610CILB028 Gi0/0/0 **, 
MKTG3610CIBE001,TenGigE0/1/0/14.1501,**Connected to MKTG3610CIAS003 DC1-ACI**, 
MKTG3610CIBE001,TenGigE0/1/0/14.1502,**Connected to MKTG3610CIAS003 DC1-ACI**, 
MKTG3610CIBE001,TenGigE0/1/0/14.1509,**Connected to MKTG3610CIAS003 DC1-ACI**, 
MKTG3610CIBE001,TenGigE0/1/0/14.1510,**Connected to MKTG3610CIAS003 DC1-ACI**, 
MKTG3610CIBE001,TenGigE0/1/0/14.1551,**Connected to MKTG3610CIAS003 DC1-ACI - NSO VM**, 
MKTG3610CIBE001,TenGigE0/1/0/15.1505,**Connected to MKTG3610CIAS004 DC1-ACI**, 
MKTG3610CIBE001,TenGigE0/1/0/15.1506,**Connected to MKTG3610CIAS004 DC1-ACI**, 
MKTG3610CIBE001,TenGigE0/1/0/15.1513,**Connected to MKTG3610CIAS004 DC1-ACI**, 
MKTG3610CIBE001,TenGigE0/1/0/15.1514,**Connected to MKTG3610CIAS004 DC1-ACI**, 
MKTG3610CIBE001,TenGigE0/1/0/20,**RESERVED FALCON **, 
SXL04178CICU001,GigabitEthernet0/1/0/45,**Connected to NCS1002-1 SXLPXSXLCINC201 MgmtEth**, 
CKL00Y84CICU001,TenGigE0/0/1/6.105,IPR3533_PRODBNK_PID1-170OA5P_PRODUCERS SAVINGS BANK CORPORATION_BRAINS IPVPN-LL_8M, 
CKL00Y84CICU001,TenGigE0/0/1/6.107,IPR3480_BANCNET_PID1-16F4DKW_PHILIPPINE BUSINESS BANK_BRAINS IPVPN-LL_2M, 
CKL00Y84CICU001,TenGigE0/0/1/6.111,"IPR7337_MAXGINC_PID1-19300G3_MAX'S GROUP, INC._BRAINS IPVPN-LL_30M", 
CKL00Y84CICU001,TenGigE0/0/1/6.117,"IPR5426_MBTCDUO_PID1-1BJV3ZF_SIDEPLDT01-102020-99877_EPLDT, INC._BRAINS IPVPN-LL_500M", 
CKL00Y84CICU001,TenGigE0/0/1/6.4081,PID1-14MZQGO_TRUE MONEY PHILIPPINES INC._CLKHUDE065, 
CKL00Y84CICU001,TenGigE0/1/1/1.106,"PID1-17IGY7D_EPLDT, INC._BRAINS IPVPN-LL_200M", 
CKL00Y84CICU001,TenGigE0/1/1/1.109,"PID1-17IGYGV_EPLDT, INC._BRAINS IPVPN-LL_2M", 
CKL00Y84CICU001,TenGigE0/1/1/1.4080,"PID1-17IGY7D_EPLDT, INC._CLKTOCP021", 
CKL00Y84CICU001,TenGigE0/1/1/8.4081,PID1-19B69DP_GRANDBO TECHNOLOGY DEVELOPMENT CORPORATION_AGSHUDE011, 
CKL00Y84CICU001,TenGigE0/1/1/9.112,PID1-198QRSG_NOVUS TRANSACT PHILIPPINES CORPORATION_BRAINS IPVPN-LL_2M, 
CKL00Y84CICU001,TenGigE0/1/1/9.113,"PID1-1ABYDWT_EPLDT, INC._BRAINS IPVPN-LL_30M", 
CKL00Y84CICU001,TenGigE0/1/1/9.4081,PID1-17IG9DQ_EPLDT - RCBC_CLKHUDE103, 
CKL00Y84CICU001,TenGigE0/1/1/10.102,PID1-117FS5B_SUN LIFE OF CANADA PHILS INC_IPVPN CEN_100M, 
CKL00Y84CICU001,TenGigE0/1/1/10.4081,PID1-YLZDBP_SUN LIFE OF CANADA PHILS INC (SUN LIFE ASSURANCE)_CLKHUDE036, 
CKL00Y84CICU001,TenGigE0/1/1/11.4081,ECSA-GA_PID1-11BFKJC_VERIZON HONGKONG LTD_CLKHUDE011, 
LEM00Q29CICN001,GigabitEthernet0/3/0/8,DP_LEM00Q29CINC301 Management, 
RSCS0075CICU001,TenGigE0/1/0/10.4075,DP_RSCS0075OSTC001_Access1_FREQ 8265.1_PHASE 8275.1, 
RSCS0075CICU001,TenGigE0/1/0/10.4081,DP_RSCS0075OSTC001_Access1_NMS, 
RSCS0075CICU001,BVI100011024,RSCFEOL001  FTTH RTP, 
RSCS0075CICU001,BVI100011025,RSCFEOL001 IPTV DHCP, 
RSCS0075CICU001,BVI100021024,RSCFEOL002 FTTH RTP, 
RSCS0075CICU001,BVI100021025,RSCFEOL002 IPTV DHCP, 
CLAS3548CIBE002,MgmtEth0/RSP1/CPU0/0,, 
CLAS3548CIBE002,GigabitEthernet0/1/0/44,**Connected to CLAS3548CILB011 GigabitEthernet1/1/4**, 
CLAS3548CIBE002,GigabitEthernet0/1/0/45,**Connected to NCS1002 CLAPXCLACINC002 Mgmt Interface**, 
CLAS3548CIBE002,GigabitEthernet0/1/0/46,**Connected to NCS1001-2 MgmtEth**, 
CLAS3548CIBE002,TenGigE0/1/0/10.4074,RNC1507 SB (IuB), 
CLAS3548CIBE002,TenGigE0/1/0/41.4012,DHCP server for IPTV, 
CLAS3548CIBE002,TenGigE0/1/0/41.4013,DHCP server for VOIP, 
CLAS3548CIBE002,TenGigE0/2/0/0.3010,RNC1519 NB  VoIP (IuCS_IuR_U), 
CLAS3548CIBE002,TenGigE0/2/0/0.3020,RNC1519 NB Sigtran (IuC), 
CLAS3548CIBE002,TenGigE0/2/0/0.3030,RNC1519 NB OAM (IuBC), 
CLAS3548CIBE002,TenGigE0/2/0/0.3060,RNC1519 NB MBB (IuPS_U), 
CLAS3548CIBE002,TenGigE0/2/0/1.3100,RNC1519 SB (IuB), 
CLAS3548CIBE002,TenGigE0/2/0/7.3080,RNC1519 NB OAM (MuR), 
CLAS3548CIBE002,TenGigE0/2/0/41.4012,DHCP server for IPTV, 
CLAS3548CIBE002,TenGigE0/2/0/41.4013,DHCP server for VOIP, 
SUB00527CIBE001,GigabitEthernet0/1/0/44,**Connected to NCS1001 Subic Mgmt Interface***, 
SUB00527CIBE001,GigabitEthernet0/1/0/45,**Connected to NCS1002 SUBPXSUBCINC001 Mgmt Interface***, 
SUB00527CIBE001,TenGigE0/1/0/0.4072,IPR40003_OAM_SUB00527OSTC001_Access1, 
SUB00527CIBE001,TenGigE0/1/0/0.4073,IPR40000_ABIS_SUB00527OSTC001_Access1, 
SUB00527CIBE001,TenGigE0/1/0/0.4075,DP_SUB00527OSTC001_Access1_FREQ 8265.1_PHASE 8275.1, 
SUB00527CIBE001,TenGigE0/1/0/0.4081,DP_SUB00527OSTC001_Access1_PRTC_DCN_NMS, 
SUB00527CIBE001,TenGigE0/1/0/2.3010,RNC1229 NB  VoIP (IuCS_IuR_U), 
SUB00527CIBE001,TenGigE0/1/0/2.3020,RNC1229 NB Sigtran (IuC), 
SUB00527CIBE001,TenGigE0/1/0/2.3030,RNC1229 NB OAM (IuBC), 
SUB00527CIBE001,TenGigE0/1/0/2.3060,RNC1229 NB MBB (IuPS_U), 
SUB00527CIBE001,TenGigE0/1/0/3.3100,RNC1229 SB (IuB), 
SUB00527CIBE001,TenGigE0/1/0/4.3200,RNC1229 Test RBS (OAM), 
SUB00527CIBE001,TenGigE0/1/0/4.3220,RNC1229 Test RBS (IuB), 
SUB00527CIBE001,TenGigE0/1/0/4.3280,RNC1229 Test RBS (SYNC), 
SUB00527CIBE001,TenGigE0/1/0/5.3100,RNC1206 SB (IuB), 
SUB00527CIBE001,TenGigE0/1/0/6.3080,RNC1229 NB OAM (MuR), 
SUB00527CIBE001,TenGigE0/1/0/41.4012,DHCP server for IPTV, 
SUB00527CIBE001,TenGigE0/1/0/41.4013,DHCP server for VOIP, 
SUB00527CIBE001,TenGigE0/1/0/43.4012,DHCP server for IPTV, 
SUB00527CIBE001,TenGigE0/1/0/43.4013,DHCP server for VOIP, 
KAWS0016CICU001,BVI100031024,BNKFEOL003 FTTH RTP, 
KAWS0016CICU001,BVI100031025,BNKFEOL003 IPTV DHCP, 
MTP00H22CIBE001,GigabitEthernet0/1/0/44,**Connected to NCS1002 MTPPXALACINC201 Mgmt Interface**, 
MTP00H22CIBE001,GigabitEthernet0/1/0/45.90,IPR3542_KNTETSU_KNTETSU_PID1-1071TWW, 
MTP00H22CIBE001,GigabitEthernet0/1/0/45.104,IPR5469_FRESNS_PID1-1BQ7ZA6_SIDFMCSS02-062015-83817_FMC RENALCARE CORP._BRAINS IPVPN-LL_20M, 
MTP00H22CIBE001,GigabitEthernet0/1/0/45.105,IPR3008_TELETEC_TELETEC_PID1-YX4ZT0, 
MTP00H22CIBE001,GigabitEthernet0/1/0/45.107,IPR3301_GRNBANK_GRNBANK_PID1-RWV3JN, 
MTP00H22CIBE001,GigabitEthernet0/1/0/45.109,IPR3277_HOLCIM_HOLCIM_PID101627527, 
MTP00H22CIBE001,GigabitEthernet0/1/0/45.112,IPR3690_JFC_JFC _PID1-MSK8R8, 
MTP00H22CIBE001,GigabitEthernet0/1/0/45.113,IPR3975_RSTNCC_RSTNCC_PID101530795, 
MTP00H22CIBE001,GigabitEthernet0/1/0/45.114,IPR5640_SHINETSU_SHINETSU_PID100248018, 
MTP00H22CIBE001,GigabitEthernet0/1/0/45.115,IPR5640_SHINETSU_SHINETSU_PID100248018, 
MTP00H22CIBE001,GigabitEthernet0/1/0/45.116,IPR3175_METBANK_METBANK_PID QID 1-P9N9XS, 
MTP00H22CIBE001,GigabitEthernet0/1/0/45.117,"IPR7695_ONEFOOD_PID1-18BLB1M_ONE FOOD GROUP MANAGEMENT SERVICES, INC._BRAINS IPVPN-LL_2M", 
MTP00H22CIBE001,GigabitEthernet0/1/0/45.118,IPR5448_PHLHLTH_PHLHLTH_PID101607240, 
MTP00H22CIBE001,GigabitEthernet0/1/0/45.122,IPR3326_AUBANK_AUBANK_PID1-10VVW8W, 
MTP00H22CIBE001,GigabitEthernet0/1/0/45.123,IPR5713_JEASTL_JEASTL_PID1-PM9KGO, 
MTP00H22CIBE001,GigabitEthernet0/1/0/45.126,IPR3223_SM-SVI_PID1-1B839JY_SM INVESTMENTS CORPORATION_BRAINS IPVPN-LL_8M, 
MTP00H22CIBE001,GigabitEthernet0/1/0/45.128,IPR6054_PAALVP_PAALVP_PID1-SZG3Z1, 
MTP00H22CIBE001,GigabitEthernet0/1/0/45.129,IPR3542_KNTETSU_KNTETSU_PID1-107G56N, 
MTP00H22CIBE001,GigabitEthernet0/1/0/45.130,IPR6059_FRKLNB_FRKLNB_PID1-SWKD6U ADVRecon_12APR2021, 
MTP00H22CIBE001,GigabitEthernet0/1/0/45.132,IPR5711_KDDI_YZKI_PID1-UXK5RM KDDI KDDI_YAZAKI, 
MTP00H22CIBE001,GigabitEthernet0/1/0/45.137,IPR5392_POLYIC_POLYIC_PID1-QWWH36, 
MTP00H22CIBE001,GigabitEthernet0/1/0/45.139,IPR3023_SUNLIFE_PID1-1ACM6WI_SUN LIFE OF CANADA PHILS INC_BRAINS IPVPN-LL_4M, 
MTP00H22CIBE001,GigabitEthernet0/1/0/45.140,IPR3914_DTYFREE_PID1-197HZ1G_DUTY FREE PHILIPPINES_BRAINS IPVPN-LL_10M, 
MTP00H22CIBE001,GigabitEthernet0/1/0/45.141,IPR3914_DTYFREE_DTYFREE_PID1-197GYN6, 
MTP00H22CIBE001,GigabitEthernet0/1/0/45.142,IPR3277_HOLCIM_HOLCIM_PID1-W5L0E2, 
MTP00H22CIBE001,GigabitEthernet0/1/0/45.143,IPR3726_ASIANTI_ASIANTI_PID1-ZC2KH8, 
MTP00H22CIBE001,GigabitEthernet0/1/0/45.144,IPR5718_LEISURE_LEISURE_PID1-SCOSHS, 
MTP00H22CIBE001,GigabitEthernet0/1/0/45.146,IPR6190_IPTSNCR_DICT_IPTS_NCR_PID1-WNPIBU, 
MTP00H22CIBE001,GigabitEthernet0/1/0/45.147,IPR3790_ROB-SAV_ROB-SAV_PID1-100OILG, 
MTP00H22CIBE001,GigabitEthernet0/1/0/45.148,IPR7897_ORICOPH_PID1-19CM70E_ORICO AUTO FINANCE PHILIPPINES INC._BRAINS IPVPN-LL_2M, 
MTP00H22CIBE001,GigabitEthernet0/1/0/45.150,IPR5727_IONE_IONE_PID1-ZIJNPB, 
MTP00H22CIBE001,GigabitEthernet0/1/0/45.151,IPR5436_TMC_TMC_PID1-1096XLJ, 
MTP00H22CIBE001,GigabitEthernet0/1/0/45.155,IPR5286_DPWH_DPWH_PID1-POQZ5D, 
MTP00H22CIBE001,GigabitEthernet0/1/0/45.156,IPR3154_BEAUTYP_BEAUTYP_PID1-15YY5F9, 
MTP00H22CIBE001,GigabitEthernet0/1/0/45.157,IPR5286_DPWH_DPWH_PID1-PJGB9N, 
MTP00H22CIBE001,GigabitEthernet0/1/0/45.159,IPR3007_BDO_BDO _PID1-108Z9Y2, 
MTP00H22CIBE001,GigabitEthernet0/1/0/45.160,IPR3853_MOONSUN_MOONSUN_PID1-W4GUEB, 
MTP00H22CIBE001,GigabitEthernet0/1/0/45.161,IPR6226_CONCPCION_CONCPCION_PID1-10AKEYV, 
MTP00H22CIBE001,GigabitEthernet0/1/0/45.163,IPR7008_FLYACE_FLYACE_PID1-ZV6VWB, 
MTP00H22CIBE001,GigabitEthernet0/1/0/45.164,IPR3175_METBANK_METBANK_PID1-1AXGKXS, 
MTP00H22CIBE001,GigabitEthernet0/1/0/45.172,IPR3059_PRULIFE_PID1-1974OPC_PRU LIFE INSURANCE CORPORATION OF U.K._BRAINS IPVPN-LL_8M, 
MTP00H22CIBE001,GigabitEthernet0/1/0/45.176,IPR3824_SDV_SDV_PID1-15HWNRE, 
MTP00H22CIBE001,GigabitEthernet0/1/0/45.179,IPR7713_LANANG_PID1-17PNJ4F_LANANG REALTY DEVELOPMENT CORPORATION_BRAINS IPVPN-LL_2M, 
MTP00H22CIBE001,GigabitEthernet0/1/0/45.216,IPR3772_NETLIVE_NETLIVE_JPMORGAN_PID1-Z28PQA, 
MTP00H22CIBE001,GigabitEthernet0/1/0/45.601,IPR5600_KDDI_DENSO1_PID101567508_KDDI_DENSO, 
MTP00H22CIBE001,GigabitEthernet0/1/0/45.602,IPR5603_KDDI_DENSO2_PID101567761 KDDI Denso_Secondary, 
MTP00H22CIBE001,GigabitEthernet0/1/0/45.605,IPR3480_BANCNET_BANCNET_PID1-108ZVTA, 
MTP00H22CIBE001,GigabitEthernet0/1/0/45.606,IPR3413_EQUICOM_EQUICOM_PID1-10E1H6Q, 
MTP00H22CIBE001,GigabitEthernet0/1/0/45.607,IPR3007_BDO_BDO_PID1-116YD4G, 
MTP00H22CIBE001,GigabitEthernet0/1/0/45.608,IPR3544_BOIDATA_BOIDATA_PID1-161YQF8, 
MTP00H22CIBE001,GigabitEthernet0/1/0/45.610,IPR7926_BISCUIT_PID1-19MTTQ6_REPUBLIC BISCUIT CORPORATION_BRAINS IPVPN-LL_40M, 
MTP00H22CIBE001,GigabitEthernet0/1/0/45.2131,IPR3544_BOIDATA_PID104601707_SID BI28-082018-81791_BUREAU OF IMMIGRATION_BRAINS IPVPN-LL_5M, 
MTP00H22CIBE001,GigabitEthernet0/1/0/47.71,IPR3099_COCACOL_COCACOLA_PID572652, 
MTP00H22CIBE001,GigabitEthernet0/1/0/47.72,IPR3994_BDO_WRL_BDO_WRL_PID100686430, 
MTP00H22CIBE001,GigabitEthernet0/1/0/47.73,IPR3994_BDO_WRL_BDO_WRL_PID100686422, 
MTP00H22CIBE001,GigabitEthernet0/1/0/47.78,IPR3848_DHLXPRS_DHLXPRS_PID1-1504XW8, 
MTP00H22CIBE001,GigabitEthernet0/1/0/47.88,IPR3175_METBANK_METBANK_BRC, 
MTP00H22CIBE001,GigabitEthernet0/1/0/47.97,IPR3361_UCPBVPN_UCPBVPN_PID1-V9M2C6, 
MTP00H22CIBE001,GigabitEthernet0/1/0/47.98,IPR5297_HMHM_HMHM_PID101045765, 
MTP00H22CIBE001,GigabitEthernet0/1/0/47.100,IPR3615_LNDBANK_AIR21_PID100570920, 
MTP00H22CIBE001,GigabitEthernet0/1/0/47.102,IPR5320_SANBEDA_SANBEDA_PID100955830, 
MTP00H22CIBE001,GigabitEthernet0/1/0/47.103,IPR5204_CTDCL_CTDCL_PID101070204, 
MTP00H22CIBE001,GigabitEthernet0/1/0/47.109,IPR3619_NETNFRA_NETNFRA_PID1-170OAKD, 
MTP00H22CIBE001,GigabitEthernet0/1/0/47.110,IPR3291_METROGA_METROGA_PID101458628, 
MTP00H22CIBE001,GigabitEthernet0/1/0/47.114,IPR3972_PHLPINC_PHLPINC_PID101774473, 
MTP00H22CIBE001,GigabitEthernet0/1/0/47.124,IPR5733_MEDCITY_MEDCITY_PID1-U1U9BJ, 
MTP00H22CIBE001,GigabitEthernet0/1/0/47.125,IPR3124_RCBC_RCBC_PID1-UHZJZ2, 
MTP00H22CIBE001,GigabitEthernet0/1/0/47.129,IPR6153_AYALA2_AWS_AYALA2_AWS_PID1-YXTM1V, 
MTP00H22CIBE001,GigabitEthernet0/1/0/47.130,IPR6209_IEAEI_IEAEI_PID1-1018SUJ, 
MTP00H22CIBE001,GigabitEthernet0/1/0/47.132,IPR3770_KWASAKI_PID104638511/SID KM(C01-102011-72925_KAWASAKI MOTORS (PHILS.) CORPORATION_BRAINS IPVPN-LL_4M, 
MTP00H22CIBE001,GigabitEthernet0/1/0/47.133,IPR5727_IONE_PID1-188M646_DEPARTMENT OF SOCIAL WELFARE AND DEVELOPMENT_BRAINS IPVPN-LL_30M, 
MTP00H22CIBE001,GigabitEthernet0/1/0/47.139,IPR3456_YUSEN_YUSEN_PID1-147CSUW, 
MTP00H22CIBE001,GigabitEthernet0/1/0/47.141,IPR3175_METBANK_METBANK_PID1-14EI5CP, 
MTP00H22CIBE001,GigabitEthernet0/1/0/47.148,IPR6152_PAYMAYA_PAYMAYA_PID1-11ARHJC, 
MTP00H22CIBE001,GigabitEthernet0/1/0/47.172,IPR3061_SUYEN_SUYEN_PID513114, 
MTP00H22CIBE001,GigabitEthernet0/1/0/47.180,"IPR3284_SNROQUE_PID1-190089H_SAN ROQUE SUPERMARKET RETAIL SYSTEMS, INC._BRAINS IPVPN-LL_2M", 
MTP00H22CIBE001,GigabitEthernet0/1/0/47.208,IPR3294_AIR21_AIR21_PID100570920 *** AR 18NOV2020, 
MTP00H22CIBE001,GigabitEthernet0/1/0/47.247,IPR3434_UNION_UNION_PID1-1128019, 
MTP00H22CIBE001,GigabitEthernet0/1/0/47.313,IPR3434_UNION_PID1-1CAIAE0_UNION_BANK_OF_THE_PHILS._BRAINS_IPVPN-LL_2M, 
MTP00H22CIBE001,GigabitEthernet0/1/0/47.337,IPR3926_BPI03_BPI03_PID1-PO1RYT, 
MTP00H22CIBE001,GigabitEthernet0/1/0/47.520,IPR7319_SERENTY_SERENTY_PID1-143Z323, 
MTP00H22CIBE001,GigabitEthernet0/1/0/47.521,IPR7239_SOSCHLD_PID1-1B34PEY_SOS CHILDREN'S VILLAGES INC._BRAINS IPVPN-LL_30M, 
MTP00H22CIBE001,GigabitEthernet0/1/0/47.523,"IPR7938_MICARE_PID1-19KN7CG_MICARE PHILIPPINES, INC._BRAINS IPVPN-LL_4M", 
MTP00H22CIBE001,TenGigE0/1/0/43.4012,DHCP server for IPTV, 
MTP00H22CIBE001,TenGigE0/1/0/43.4013,DHCP server for VOIP, 
MTP00H22CIBE001,TenGigE0/6/0/43.4012,DHCP server for IPTV, 
MTP00H22CIBE001,TenGigE0/6/0/43.4013,DHCP server for VOIP, 
NACS3561CICN002,MgmtEth0/RP0/CPU0/0,, 
NACS3561CICN002,MgmtEth0/RSP0/CPU0/0,, 
SROS3549CICU001,TenGigE0/1/1/0.3000,S3684_2G_OAM_1_CR-20210316-00248, 
SROS3549CICU001,TenGigE0/1/1/0.3020,S3684_2G_ABIS_1_CR-20210316-00248, 
SROS3549CICU001,TenGigE0/1/1/0.3080,S3684_2G_SYNC_1_CR-20210316-00248, 
SROS3549CICU001,TenGigE0/1/1/0.3200,S3684_3G_OAM_1_CR-20210316-00248, 
SROS3549CICU001,TenGigE0/1/1/0.3220,S3684_3G_IUB_1_CR-20210316-00248, 
SROS3549CICU001,TenGigE0/1/1/0.3400,S3684_FD_OAM_1_CR-20210316-00248, 
SROS3549CICU001,TenGigE0/1/1/0.3420,S3684_FD_S1_1_CR-20210316-00248, 
SROS3549CICU001,TenGigE0/1/1/0.3480,S3684_FD_SYNC_1_CR-20210316-00248, 
SROS3549CICU001,TenGigE0/1/1/0.4081,PID83767_Vista Mall Sta. Rosa_SROHUDE023, 
SROS3549CICU001,BVI100011024,IPR30903_FTTH_VoIP_Prod_LTIFEOL002 FTTH RTP, 
SROS3549CICU001,BVI100011025,IPR30076_IPTV_LTIFEOL002 IPTV DHCP, 
SROS3549CICU001,BVI100021024,IPR30903_FTTH_VoIP_Prod_LTIFEOL003 FTTH RTP, 
SROS3549CICU001,BVI100021025,IPR30076_IPTV_LTIFEOL003 IPTV DHCP, 
CBY04106CIBE001,TenGigE0/1/0/1.4072,IPR40003_OAM_CBY04106OSTC001_Access1, 
CBY04106CIBE001,TenGigE0/1/0/1.4073,IPR40000_ABIS_CBY04106OSTC001_Access1, 
CBY04106CIBE001,TenGigE0/1/0/1.4081,DP_CBY04106OSTC001_Access1_NMS, 
CBY04106CIBE001,TenGigE0/1/0/2.3100,RNC1502 SB (IuB), 
CBY04106CIBE001,TenGigE0/1/0/3.4074,RNC1513 SB (IuB), 
DGPN3809CIBE001,GigabitEthernet0/1/0/45,**Connected to NCS1002-1 Mgmt Interface**, 
DGPN3809CIBE001,TenGigE0/1/0/9.3010,RNC1224 NB  VoIP (IuCS_IuR_U), 
DGPN3809CIBE001,TenGigE0/1/0/9.3020,RNC1224 NB Sigtran (IuC), 
DGPN3809CIBE001,TenGigE0/1/0/9.3030,RNC1224 NB OAM (IuBC), 
DGPN3809CIBE001,TenGigE0/1/0/9.3060,RNC1224 NB MBB (IuPS_U), 
DGPN3809CIBE001,TenGigE0/1/0/10.3100,RNC1224 SB (IuB), 
DGPN3809CIBE001,TenGigE0/1/0/11.3200,RNC1224 Test RBS (OAM), 
DGPN3809CIBE001,TenGigE0/1/0/11.3220,RNC1224 Test RBS (IuB), 
DGPN3809CIBE001,TenGigE0/1/0/11.3280,RNC1224 Test RBS (SYNC), 
DGPN3809CIBE001,TenGigE0/1/0/12.4074,RNC1212 SB (IuB), 
DGPN3809CIBE001,TenGigE0/6/0/0.3080,RNC1224 NB OAM (MuR), 
LPN00358CICU001,BVI3070,BDI for L2L3_etree, 
BLAPXBLACICU001,GigabitEthernet0/0/0/8,**Connected to BLAPXBLACINC301 Management**, 
BLAPXBLACICU001,GigabitEthernet0/0/0/9,**Connected to BLAPXBLACINC302 Management**, 
BLAPXBLACICU001,GigabitEthernet0/0/0/10,**Connected to NCS1001 Management**, 
BLAPXBLACICU001,BVI100061025,IPR30076_IPTV_BGCHUOL001 IPTV DHCP, 
BLAPXBLACICU001,BVI100062024,IPR30903_FTTH_VoIP_Prod_BGCHUOL001 FTTH RTP, 
BLAPXBLACICU001,BVI100071025,IPR30076_IPTV_ORIHUOL001 IPTV DHCP, 
BLAPXBLACICU001,BVI100072024,IPR30903_FTTH_VoIP_Prod_ORIHUOL001 FTTH RTP, 
BLAPXBLACICU001,BVI100081025,MRGHUOL001 IPTV DHCP, 
BLAPXBLACICU001,BVI100082024,MRGHUOL001 FTTH RTP, 
BLAPXBLACICU001,BVI100091025,BLAHUOL001 IPTV DHCP, 
BLAPXBLACICU001,BVI100092024,BLAHUOL001 FTTH RTP, 
LAGN0000CICU001,TenGigE0/0/1/2.4081,"PID1-1A8TB8B_PLANET CABLE, INC._LAGHUDE033", 
LAGN0000CICU001,BVI100101024,IPR30903_FTTH_VoIP_Prod_VINFEOL001 FTTH RTP, 
LAGN0000CICU001,BVI100101025,IPR30076_IPTV_VINFEOL001 IPTV DHCP, 
LIPS1300CICU001,TenGigE0/0/1/3.4082,PID1-17GSQR4_DE LA SALLE-LIPA_LIPFEDE008, 
LIPS1300CICU001,BVI50011025,LIPFEAG002 DSL IPTV DHCP, 
LIPS1300CICU001,BVI100011024,LIPHUOL001 FTTH RTP, 
LIPS1300CICU001,BVI100011025,LIPHUOL001 FTTH Unicast, 
LIPS1300CICU001,BVI100012020,LIPHUOL001 FTTH RTP_2020, 
LIPS1300CICU001,BVI100012022,LIPHUOL001 FTTH RTP_2022, 
LIPS1300CICU001,BVI100012024,LIPHUOL001 FTTH RTP, 
LIPS1300CICU001,BVI100021024,LIPHUOL002 FTTH RTP, 
LIPS1300CICU001,BVI100021025,LIPHUOL002 FTTH Unicast, 
LIPS1300CICU001,BVI100022020,LIPHUOL002 FTTH RTP_2020, 
LIPS1300CICU001,BVI100022022,LIPHUOL002 FTTH RTP_2022, 
LIPS1300CICU001,BVI100022024,LIPHUOL002 FTTH RTP, 
LIPS1300CICU001,BVI100031024,LIPFEOL001 FTTH RTP, 
LIPS1300CICU001,BVI100031025,LIPFEOL001 IPTV DHCP, 
LIPS1300CICU001,BVI100041024,IPR30903_FTTH_VoIP_Prod_LIPFEOL002_FTTH_RTP, 
LIPS1300CICU001,BVI100041025,IPR30076_IPTV_LIPFEOL002_IPTV_DHCP, 
LIPS1300CICU001,BVI100061024,IPR30903_FTTH_VoIP_Prod_ROSFEOL002_FTTH_RTP, 
LIPS1300CICU001,BVI100061025,IPR30076_IPTV_ROSFEOL002_IPTV_DHCP, 
LAGN3816CIBE002,GigabitEthernet0/1/0/44,DP_LAGN3816CILB005 GigabitEthernet1/1/4, 
LAGN3816CIBE002,TenGigE0/1/0/16.3100,RNC1208 SB (IuB), 
LAGN3816CIBE002,TenGigE0/1/0/41.4012,DHCP server for IPTV, 
LAGN3816CIBE002,TenGigE0/1/0/41.4013,DHCP server for VOIP, 
LAGN3816CIBE002,TenGigE0/1/0/42.4012,DHCP server for IPTV, 
LAGN3816CIBE002,TenGigE0/1/0/42.4013,DHCP server for VOIP, 
IMUS3559CICN001,GigabitEthernet0/3/0/8,DP_IMUPXIMUCINC301 Management, 
MKTG3610CIBE002,GigabitEthernet0/1/0/20,**Connected to VITRO MAKATI ISR4431 MKTG3610CILB028 Gi 0/0/1 **, 
MKTG3610CIBE002,TenGigE0/1/0/14.1503,**Connected to MKTG3610CIAS003 DC1-ACI**, 
MKTG3610CIBE002,TenGigE0/1/0/14.1504,**Connected to MKTG3610CIAS003 DC1-ACI**, 
MKTG3610CIBE002,TenGigE0/1/0/14.1511,**Connected to MKTG3610CIAS003 DC1-ACI**, 
MKTG3610CIBE002,TenGigE0/1/0/14.1512,**Connected to MKTG3610CIAS003 DC1-ACI**, 
MKTG3610CIBE002,TenGigE0/1/0/15.534,**Connected to MKTG3610CIAS004 DC1-ACI**, 
MKTG3610CIBE002,TenGigE0/1/0/15.1507,**Connected to MKTG3610CIAS004 DC1-ACI**, 
MKTG3610CIBE002,TenGigE0/1/0/15.1508,**Connected to MKTG3610CIAS004 DC1-ACI**, 
MKTG3610CIBE002,TenGigE0/1/0/15.1515,**Connected to MKTG3610CIAS004 DC1-ACI**, 
MKTG3610CIBE002,TenGigE0/1/0/15.1551,**Connected to MKTG3610CIAS003 DC1-ACI - NSO VM**, 
MKTG3610CIBE002,TenGigE0/1/0/20,, 
TUG00N31CICU001,TenGigE0/0/1/10.706,PAT test, 
TUG00N31CICU001,TenGigE0/0/1/10.707,, 
TUG00N31CICU001,TenGigE0/0/1/10.710,PLDT-L3VPN-Huawei-710-3, 
TUG00N31CICU001,TenGigE0/0/1/11,***PAT Test port-1***, 
TUG00N31CICU001,TenGigE0/1/1/1.4081,PID1-18CQUXC_PHILIPPINE GLOBAL COMMUNICATIONS INC._TUGHUDE020CIPR20000_TNTMGMT_H00, 
TUG00N31CICU001,TenGigE0/1/1/2.3200,N3948_3G_OAM_1_CR-20210330-00314, 
TUG00N31CICU001,TenGigE0/1/1/2.3220,N3948_3G_IUB_1_CR-20210330-00314, 
TUG00N31CICU001,TenGigE0/1/1/2.3400,N3948_FD_OAM_1_CR-20210330-00314, 
TUG00N31CICU001,TenGigE0/1/1/2.3420,N3948_FD_S1_1_CR-20210330-00314, 
TUG00N31CICU001,TenGigE0/1/1/2.3480,N3948_FD_SYNC_1_CR-20210330-00314, 
TUG00N31CICU001,TenGigE0/1/1/2.4081,PID123815_PRIMARK TUGUEGARAO SMART ROOM (SMART PROJECT)_TUGHUDE025CIPR20000_TNTMGMT_H00, 
TUG00N31CICU001,TenGigE0/1/1/10,** Reserved RID: NO RID YET JIRA: 642**, 
TUG00N31CICU001,TenGigE0/1/1/10.707,PLDT-L3VPN-Cisco-707-3, 
TUG00N31CICU001,TenGigE0/1/1/11,***PAT Test port-2***, 
TUG00N31CICU001,TenGigE0/1/1/11.707,Static CE, 
TUG00N31CICU001,BVI100051025,IPR30076_IPTV_AMUHUOL001 IPTV DHCP, 
TUG00N31CICU001,BVI100052024,IPR30903_FTTH_VoIP_Prod_AMUHUOL001 FTTH RTP, 
TUG00N31CICU001,BVI100061025,IPR30076_IPTV_TUGHUOL001 IPTV DHCP, 
TUG00N31CICU001,BVI100062024,IPR30903_FTTH_VoIP_Prod_TUGHUOL001 FTTH RTP, 
TUG00N31CICU001,BVI100071025,IPR30076_IPTV_TUGHUOL002 IPTV DHCP, 
TUG00N31CICU001,BVI100072024,IPR30903_FTTH_VoIP_Prod_TUGHUOL002 FTTH RTP, 
TUG00N31CICU001,BVI100101025,IPR30076_IPTV_IGGHUOL001 IPTV DHCP, 
TUG00N31CICU001,BVI100102024,IPR30903_FTTH_VoIP_Prod_IGGHUOL001 FTTH RTP, 
PRQG0099CIBE001,TenGigE0/1/0/3.4072,IPR40003_OAM_PRQG0099OSTC001_Access1, 
PRQG0099CIBE001,TenGigE0/1/0/3.4073,IPR40000_ABIS_PRQG0099OSTC001_Access1, 
PRQG0099CIBE001,TenGigE0/1/0/3.4075,DP_PRQG0099OSTC001_Access1_FREQ 8265.1_PHASE 8275.1, 
PRQG0099CIBE001,TenGigE0/1/0/3.4081,DP_PRQG0099OSTC001_Access1_NMS, 
SUB00527CIBE002,GigabitEthernet0/1/0/44,**Connected to SUB00527CILB006 GigabitEthernet1/1/4**, 
SUB00527CIBE002,GigabitEthernet0/1/0/45,**Connected to NCS1002 SUBPXSUBCINC002 Mgmt Interface***, 
SUB00527CIBE002,TenGigE0/1/0/2.3010,RNC1229 NB  VoIP (IuCS_IuR_U), 
SUB00527CIBE002,TenGigE0/1/0/2.3020,RNC1229 NB Sigtran (IuC), 
SUB00527CIBE002,TenGigE0/1/0/2.3030,RNC1229 NB OAM (IuBC), 
SUB00527CIBE002,TenGigE0/1/0/2.3060,RNC1229 NB MBB (IuPS_U), 
SUB00527CIBE002,TenGigE0/1/0/3.3100,RNC1229 SB (IuB), 
SUB00527CIBE002,TenGigE0/1/0/5.3100,RNC1206 SB (IuB), 
SUB00527CIBE002,TenGigE0/1/0/6.3080,RNC1229 NB OAM (MuR), 
SUB00527CIBE002,TenGigE0/1/0/41.4012,DHCP server for IPTV, 
SUB00527CIBE002,TenGigE0/1/0/41.4013,DHCP server for VOIP, 
SUB00527CIBE002,TenGigE0/1/0/43.4012,DHCP server for IPTV, 
SUB00527CIBE002,TenGigE0/1/0/43.4013,DHCP server for VOIP, 
NSBS1366CICU001,TenGigE0/1/1/8.1001,IPR30800_FTTH_NMS_CATFEOL001_FTTH_NMS, 
NSBS1366CICU001,TenGigE0/1/1/8.1026,IPR30076_IPTV_CATFEOL001_IPTV_MULTICAST, 
NSBS1366CICU001,TenGigE0/1/1/8.1101,IPR3615_LNDBANK_LAND_BANK_OF_THE_PHILIPPINES_PID1-171LR7H_SHOPS.WORK_2M, 
NSBS1366CICU001,TenGigE0/1/1/8.1109,IPR3068_PJLHUIL_P.J. LHUILLIER INCORPORATED_PID1-1AXBE33_IPVPN_1M, 
NSBS1366CICU001,TenGigE0/1/1/8.1111,IPR3068_PJLHUIL_P.J. LHUILLIER INC._PID1-1C3YEZB/PLI02-012021-10774_IPVPN_1M, 
NSBS1366CICU001,TenGigE0/1/1/8.1701,IPR3401_BANKBYN_PID1-13WCMDG_Bangko Kabayan (A Rural Bank) Inc.__256K, 
NSBS1366CICU001,BVI1181024,IPR30903_FTTH_VoIP_Prod_CATFEOL001 FTTH RTP, 
NSBS1366CICU001,BVI1181025,IPR30076_IPTV_CATFEOL001 IPTV DHCP, 
NSBS1366CICU001,BVI100031024,IPR30903_FTTH_VoIP_Prod_BYNFEOL001 FTTH RTP, 
NSBS1366CICU001,BVI100031025,IPR30076_IPTV_BYNFEOL001 IPTV DHCP, 
NSBS1366CICU001,BVI100051024,NSBFEOL002 FTTH RTP, 
NSBS1366CICU001,BVI100051025,NSBFEOL002 IPTV DHCP, 
NSBS1366CICU001,BVI100061024,IPR30903_FTTH_VoIP_Prod_TUYFEOL001 FTTH RTP, 
NSBS1366CICU001,BVI100061025,IPR30076_IPTV_TUYFEOL001 IPTV DHCP, 
NSBS1366CICU001,BVI100081024,NSBFEOL003 FTTH RTP, 
NSBS1366CICU001,BVI100081025,NSBFEOL003 IPTV DHCP, 
NSBS1366CICU001,BVI100091024,NSBFEOL001 FTTH RTP, 
NSBS1366CICU001,BVI100091025,NSBFEOL001 IPTV DHCP, 
NSBS1366CICU001,BVI100101024,IPR30903_FTTH_VoIP_Prod_LIAFEOL001 FTTH RTP, 
NSBS1366CICU001,BVI100101025,IPR30076_IPTV_LIAFEOL001 IPTV DHCP, 
LEM00Q29CICN002,GigabitEthernet0/3/0/8,DP_LEM00Q29CINC302 Management, 
LEM00Q29CICN002,HundredGigE0/2/0/2,, 
LEM00Q29CICN002,HundredGigE0/2/0/14,, 
LEM00Q29CICN002,HundredGigE0/2/0/20,, 
LEM00Q29CICN002,HundredGigE0/2/0/32,, 
PRQG0049CICU001,GigabitEthernet0/0/0/0.700,***test pilot ent***, 
PRQG0049CICU001,TenGigE0/0/1/0.700,***test pilot ent***, 
PRQG0049CICU001,TenGigE0/0/1/10.506,PAT test, 
PRQG0049CICU001,TenGigE0/0/1/10.507,, 
PRQG0049CICU001,TenGigE0/0/1/10.510,PAT Test Nov19th, 
PRQG0049CICU001,TenGigE0/0/1/10.3006,l3vpn-1150-TenGigE0/0/1/10, 
PRQG0049CICU001,TenGigE0/0/1/10.3007,, 
PRQG0049CICU001,TenGigE0/0/1/10.3010,l3vpn-1153-TenGigE0/0/1/10, 
PRQG0049CICU001,TenGigE0/1/1/10.507,PAT test Nov19th, 
PRQG0049CICU001,TenGigE0/1/1/10.3007,l3vpn-1156-TenGigE0/1/1/10, 
PRQG0049CICU001,TenGigE0/1/1/11.507,, 
PRQG0049CICU001,TenGigE0/1/1/11.3007,, 
PRQG0049CICU001,TenGigE0/2/1/1.3200,G9640_3G_OAM_CR-20210303-00272, 
PRQG0049CICU001,TenGigE0/2/1/1.3220,G9640_3G_IUB_CR-20210303-00272, 
PRQG0049CICU001,TenGigE0/2/1/1.3400,G9640_FD_OAM_CR-20210303-00272, 
PRQG0049CICU001,TenGigE0/2/1/1.3401,G9640_FD_OAM_2_CR-20210303-00272, 
PRQG0049CICU001,TenGigE0/2/1/1.3420,G9640_FD_S1_CR-20210303-00272, 
PRQG0049CICU001,TenGigE0/2/1/1.3421,G9640_FD_S1_2_CR-20210303-00272, 
PRQG0049CICU001,TenGigE0/2/1/1.3480,G9640_FD_SYNC_CR-20210303-00272, 
PRQG0049CICU001,TenGigE0/2/1/1.3481,G9640_FD_SYNC_2_CR-20210303-00272, 
PRQG0049CICU001,TenGigE0/2/1/1.4081,RID122676_AAI WORLDWIDE LOGISTIC INC_NPQHUDE023, 
PRQG0049CICU001,BVI50011025,PRQG0049CICU001_MSAN IPTV DHCP, 
PRQG0049CICU001,BVI100021025,*** NPQHUOL002 IPTV DHCP ***, 
PRQG0049CICU001,BVI100022024,*** NPQHUOL002 FTTH RTP ***, 
PRQG0049CICU001,BVI100031025,NPQHUOL003 IPTV DHCP, 
PRQG0049CICU001,BVI100032024,NPQHUOL003 FTTH RTP, 
PRQG0049CICU001,BVI100041025,NPQHUOL001 IPTV DHCP, 
PRQG0049CICU001,BVI100042024,NPQHUOL001 FTTH RTP, 
PRQG0049CICU001,BVI100051024,NPQFEOL001 FTTH DHCP, 
PRQG0049CICU001,BVI100051025,IPTV DHCP NorthParanaque, 
CLAS3548CIBE001,GigabitEthernet0/1/0/45,**Connected to NCS1002 CLAPXCLACINC001 Mgmt Interface***, 
CLAS3548CIBE001,TenGigE0/1/0/2.4072,IPR40003_OAM_CLA00633OSTC001_Access1, 
CLAS3548CIBE001,TenGigE0/1/0/2.4073,IPR40000_ABIS_CLA00633OSTC001_Access1, 
CLAS3548CIBE001,TenGigE0/1/0/2.4075,DP_CLA00633OSTC001_Access1, 
CLAS3548CIBE001,TenGigE0/1/0/2.4081,DP_CLA00633OSTC001_Access1, 
CLAS3548CIBE001,TenGigE0/1/0/10.4074,RNC1507 SB (IuB), 
CLAS3548CIBE001,TenGigE0/1/0/41.4012,DHCP server for IPTV, 
CLAS3548CIBE001,TenGigE0/1/0/41.4013,DHCP server for VOIP, 
CLAS3548CIBE001,TenGigE0/2/0/0.3010,RNC1519 NB  VoIP (IuCS_IuR_U), 
CLAS3548CIBE001,TenGigE0/2/0/0.3020,RNC1519 NB Sigtran (IuC), 
CLAS3548CIBE001,TenGigE0/2/0/0.3030,RNC1519 NB OAM (IuBC), 
CLAS3548CIBE001,TenGigE0/2/0/0.3060,RNC1519 NB MBB (IuPS_U), 
CLAS3548CIBE001,TenGigE0/2/0/1.3100,RNC1519 SB (IuB), 
CLAS3548CIBE001,TenGigE0/2/0/7.3080,RNC1519 NB OAM (MuR), 
CLAS3548CIBE001,TenGigE0/2/0/41.4012,DHCP server for IPTV, 
CLAS3548CIBE001,TenGigE0/2/0/41.4013,DHCP server for VOIP, 
OLGPXOLGCICU001,TenGigE0/0/1/1.103,PID1-1ADXOYE_ASIAN VISION CABLE HLDG-ZAMBALES_BRNS IPVPN-LL_4M, 
OLGPXOLGCICU001,TenGigE0/0/1/1.4081,PID1-13JMH8G_QUEZON CATV INC._OLPHUDE005, 
OLGPXOLGCICU001,BVI100011021,IPR30903_FTTH_VoIP_Prod_OLPFEOL001 FTTH RTP, 
OLGPXOLGCICU001,BVI100011024,IPR30903_FTTH_VoIP_Prod_OLPFEOL001FTTH RTP, 
OLGPXOLGCICU001,BVI100011025,IPR30076_IPTV_OLPFEOL001 IPTV DHCP, 
OLGPXOLGCICU001,BVI100021025,IPR30076_IPTV_OLPHUOL001 IPTV DHCP, 
OLGPXOLGCICU001,BVI100022024,IPR30903_FTTH_VoIP_Prod_OLPHUOL001 FTTH RTP, 
OLGPXOLGCICU001,BVI100031025,SBCHUOL001 IPTV DHCP, 
OLGPXOLGCICU001,BVI100032024,SBCHUOL001 FTTH RTP, 
OLGPXOLGCICU001,BVI100041025,OLPHUOL002 IPTV DHCP, 
OLGPXOLGCICU001,BVI100042024,OLPHUOL002 FTTH RTP, 
BATS0002CIBE002,GigabitEthernet0/1/0/44,**Connected to BATS0002CILB009 GigabitEthernet1/1/4**, 
BATS0002CIBE002,GigabitEthernet0/1/0/45,**Connected to NCS1002-2 Mgmt Interface**, 
BATS0002CIBE002,TenGigE0/1/0/13.3100,**PE<>RNC1505 (Southbound) IPR40001_IUB**, 
BATS0002CIBE002,TenGigE0/1/0/43.4012,DHCP server for IPTV, 
BATS0002CIBE002,TenGigE0/1/0/43.4013,DHCP server for VOIP, 
BATS0002CIBE002,TenGigE0/6/0/43.4012,DHCP server for IPTV, 
BATS0002CIBE002,TenGigE0/6/0/43.4013,DHCP server for VOIP, 
TAG00H21CIBE002,GigabitEthernet0/1/0/44,** Connected to NCS1001 **, 
NSBS0051CIBE002,GigabitEthernet0/1/0/44,**Connected to NSBS0051CILB015 GigabitEthernet1/1/4**, 
NSBS0051CIBE002,GigabitEthernet0/1/0/45,**Connected to NCS1002 NSBPXNSBCINC202 Mgmt Interface***, 
NSBS0051CIBE002,TenGigE0/1/0/41.4012,DHCP server for IPTV, 
NSBS0051CIBE002,TenGigE0/1/0/41.4013,DHCP server for VOIP, 
NSBS0051CIBE002,TenGigE0/1/0/42.4012,DHCP server for IPTV, 
NSBS0051CIBE002,TenGigE0/1/0/42.4013,DHCP server for VOIP, 
CKLN8004CIBE002,GigabitEthernet0/1/0/44,**Connected to PLDT CLARK 3650 CKLN8004CILB029 Gi 1/1/4**, 
CKLN8004CIBE002,TenGigE0/1/0/8.1603,**Connected to CKL3922CIAS003 DC2-ACI**, 
CKLN8004CIBE002,TenGigE0/1/0/8.1604,**Connected to CKL3922CIAS003 DC2-ACI**, 
CKLN8004CIBE002,TenGigE0/1/0/8.1611,**Connected to CKL3922CIAS003 DC2-ACI**, 
CKLN8004CIBE002,TenGigE0/1/0/8.1612,**Connected to CKL3922CIAS003 DC2-ACI**, 
CKLN8004CIBE002,TenGigE0/1/0/9.1607,**Connected to CKL3922CIAS004 DC2-ACI**, 
CKLN8004CIBE002,TenGigE0/1/0/9.1608,**Connected to CKL3922CIAS004 DC2-ACI**, 
CKLN8004CIBE002,TenGigE0/1/0/9.1615,**Connected to CKL3922CIAS004 DC2-ACI**, 
CKLN8004CIBE002,TenGigE0/1/0/9.1616,**Connected to CKL3922CIAS004 DC2-ACI**, 
CKLN8004CIBE002,TenGigE0/1/0/9.1651,**Connected to CKL3922CIAS003 DC2-ACI NSO VM**, 
CKLN8004CIBE002,HundredGigE0/0/0/6.720,IPR40003_OAM_SMART_Vitro_Clark_NL2DCGW01_02_OM_CN_RID157112, 
CKLN8004CIBE002,HundredGigE0/0/0/6.730,IPR40010_GPRS_SMART_Vitro_Clark_NL2DCGW01_02_Media_CN_RID157112, 
CKLN8004CIBE002,HundredGigE0/0/0/6.740,IPR40007_SIGTRAN_SMART_Vitro_Clark_NL2DCGW01_02_Sig_CN_RID157112, 
CKLN8004CIBE002,HundredGigE0/0/0/6.760,IPR40004_S1_SMART_Vitro_Clark_NL2DCGW01_02_RAN_RID157112, 
CKLN8004CIBE002,HundredGigE0/0/0/6.770,IPR40013_MBP_SMART_Vitro_Clark_NL2DCGW01_02_Ext_Int_RID157112, 
CKLN8004CIBE002,TenGigE0/1/0/44,, 
VGN00C15CIBE002,GigabitEthernet0/1/0/44,**Connected to C3650 VGN00C15CILB005 Gi1/1/4***, 
CLA00633CICU001,BVI50021025,CLA00633CICU001_MSAN IPTV DHCP, 
CLA00633CICU001,BVI50041024,CLAFEAG003 FTTH RTP, 
CLA00633CICU001,BVI100011020,CLAFEOL001 FTTH RTP, 
CLA00633CICU001,BVI100011024,CLAFEOL001 FTTH RTP, 
CLA00633CICU001,BVI100011025,CLAFEOL001 IPTV DHCP, 
CLA00633CICU001,BVI100021024,CLAFEOL002 FTTH RTP, 
CLA00633CICU001,BVI100021025,CLAFEOL002 IPTV DHCP, 
CLA00633CICU001,BVI100031024,CLAFEOL003 FTTH RTP, 
CLA00633CICU001,BVI100031025,CLAFEOL003 IPTV DHCP, 
CLA00633CICU001,BVI100041024,CLAFEOL004 FTTH RTP, 
CLA00633CICU001,BVI100041025,CLAFEOL004 IPTV DHCP, 
CLA00633CICU001,BVI100051024,CLAFEOL005 FTTH RTP, 
CLA00633CICU001,BVI100051025,CLAFEOL005 IPTV DHCP, 
CLA00633CICU001,BVI100061024,CLAFEOL006 FTTH RTP, 
CLA00633CICU001,BVI100061025,CLAFEOL006 IPTV DHCP, 
PRQG0049CIBE002,TenGigE0/1/0/47.4012,DHCP server for IPTV, 
PRQG0049CIBE002,TenGigE0/1/0/47.4013,DHCP server for VOIP, 
PRQG0049CIBE002,TenGigE0/6/0/47.4012,DHCP server for IPTV, 
PRQG0049CIBE002,TenGigE0/6/0/47.4013,DHCP server for VOIP, 
SUB00527CICU001,BVI3070,SID_PATY2D1_222_PID_PATY2D1_222, 
SUB00527CICU001,BVI100031024,IPR30903_FTTH_VoIP_Prod_SUBFEOL001 FTTH RTP, 
SUB00527CICU001,BVI100031025,IPR30076_IPTV_SUBFEOL001 IPTV DHCP, 
SUB00527CICU001,BVI100041024,SUBFEOL002 FTTH RTP, 
SUB00527CICU001,BVI100041025,SUBFEOL002 IPTV DHCP, 
CAB06118CIBE001,TenGigE0/1/0/13.3100,RNC1204 SB (IuB), 
CAB06118CIBE001,TenGigE0/1/0/14.4074,RNC1214 SB (IuB), 
CAB06118CIBE001,TenGigE0/1/0/41.4012,DHCP server for IPTV, 
CAB06118CIBE001,TenGigE0/1/0/41.4013,DHCP server for VOIP, 
CAB06118CIBE001,TenGigE0/1/0/43.4012,DHCP server for IPTV, 
CAB06118CIBE001,TenGigE0/1/0/43.4013,DHCP server for VOIP, 
SPC00E67CIBE001,GigabitEthernet0/1/0/44,, 
SPC00E67CIBE001,HundredGigE0/0/0/19,***PAT Test port-1***, 
SPC00E67CIBE001,HundredGigE0/0/0/20,***PAT Test port-1***, 
SPC00E67CIBE001,HundredGigE0/7/0/19,***PAT Test port-2***, 
SPC00E67CIBE001,HundredGigE0/7/0/20,***PAT Test port-2***, 
LCN04117CIRO001,MgmtEth0/RSP0/CPU0/0,, 
SILPXSILCICN001,GigabitEthernet0/3/0/8,DP_SILPXSILCINC301 Management, 
TNWS0056CICN002,GigabitEthernet0/3/0/8,**Connected to NCS1002-2***, 
MLLN0037CICU001,BVI100011025,IPR30076_IPTV_MLLHUOL001_IPTV_DHCP, 
MLLN0037CICU001,BVI100012024,IPR30903_FTTH_VoIP_Prod_MLLHUOL001_FTTH_RTP, 
MLLN0037CICU001,BVI100061025,HGYHUOL001 IPTV DHCP, 
MLLN0037CICU001,BVI100062024,HGYHUOL001 FTTH RTP, 
PRQ06653CIBP002,GigabitEthernet0/0/0/2,, 
SFU05156CICU001,TenGigE0/0/1/10,***PAT Test port-1***, 
SFU05156CICU001,TenGigE0/0/1/11,***PAT Test port-1***, 
SFU05156CICU001,TenGigE0/1/1/10,***PAT Test port-2***, 
SFU05156CICU001,TenGigE0/1/1/11,***PAT Test port-2***, 
SFU05156CICU001,BVI100021025,IPR30076_IPTV_SFUHUOL002 IPTV DHCP, 
SFU05156CICU001,BVI100022024,IPR30903_FTTH_VoIP_Prod_SFUHUOL002 FTTH RTP, 
SFU05156CICU001,BVI100101025,IPR30076_IPTV_CBBHUOL001 IPTV DHCP, 
SFU05156CICU001,BVI100102024,IPR30903_FTTH_VoIP_Prod_CBBHUOL001 FTTH RTP, 
SFUN3814CIBE002,GigabitEthernet0/6/0/44,DP_SFUN3814CILB027 GigabitEthernet1/1/4, 
SFUN3814CIBE002,TenGigE0/6/0/11.3010,RNC1222 NB  VoIP (IuCS_IuR_U), 
SFUN3814CIBE002,TenGigE0/6/0/11.3020,RNC1222 NB Sigtran (IuC), 
SFUN3814CIBE002,TenGigE0/6/0/11.3030,RNC1222 NB OAM (IuBC), 
SFUN3814CIBE002,TenGigE0/6/0/11.3060,RNC1222 NB MBB (IuPS_U), 
SFUN3814CIBE002,TenGigE0/6/0/12.3100,RNC1222 SB (IuB), 
SFUN3814CIBE002,TenGigE0/6/0/16.3100,RNC1200 SB (IuB), 
SFUN3814CIBE002,TenGigE0/6/0/17.3080,RNC1222 NB OAM (MuR), 
SFUN3814CIBE002,TenGigE0/6/0/41.4012,DHCP server for IPTV, 
SFUN3814CIBE002,TenGigE0/6/0/41.4013,DHCP server for VOIP, 
SFUN3814CIBE002,TenGigE0/6/0/43.4012,DHCP server for IPTV, 
SFUN3814CIBE002,TenGigE0/6/0/43.4013,DHCP server for VOIP, 
SFUN3814CIBE002,TenGigE0/6/0/44.4013,DHCP server for VOIP, 
TUGN8519CIBE002,GigabitEthernet0/1/0/44,DP_TUGN8519CILB005 GigabitEthernet1/1/4, 
MLLN3874CIBE002,GigabitEthernet0/1/0/44,DP_MLLN3874CILB008 Gi1/1/4, 
MLLN3874CIBE002,GigabitEthernet0/1/0/45,DP_NCS1002 MLLPXMLLCINC202 Mgmt Interface, 
MLLN3874CIBE002,TenGigE0/1/0/43.4012,DHCP server for IPTV, 
MLLN3874CIBE002,TenGigE0/1/0/43.4013,DHCP server for VOIP, 
MLLN3874CIBE002,TenGigE0/6/0/43.4012,DHCP server for IPTV, 
MLLN3874CIBE002,TenGigE0/6/0/43.4013,DHCP server for VOIP, 
SFPN3827CIBE0001,TenGigE0/6/0/16.4074,RNC1221 SB (IuB), 
MCT03903CICN002,HundredGigE0/3/0/12,, 
CABN5695CICU001,TenGigE0/0/1/8.102,PID1-1BIXH5O_CITI CABLEWORLD INC._I-GATE DIRECT_5000M, 
BATS0002CICU001,TenGigE0/0/1/2.102,"PID1-1CBWUKH /SIDKCTSI01-052019-64516_KABAYAN CABLE TV SYSTEMS, INC._I-GATE DIRECT_10G", 
BATS0002CICU001,TenGigE0/2/1/3.101,PID1-18CQUZD_PHILIPPINE GLOBAL COMMUNICATIONS INC._I-GATE PREMIUM_100M, 
KAWS0016CIBE001,GigabitEthernet0/1/0/47.101,IQOR_DAS_PID101736261_300M_10.75.192.11, 
KAWS0016CIBE001,GigabitEthernet0/1/0/47.104,MONDE_CIP_PID101516814, 
KAWS0016CIBE001,GigabitEthernet0/1/0/47.114,SSS_BCR_PID1-KIVH2U, 
KAWS0016CIBE001,GigabitEthernet0/1/0/47.118,SSS_PID101730042, 
KAWS0016CIBE001,GigabitEthernet0/1/0/47.123,SSS_PID101729591, 
KAWS0016CIBE001,GigabitEthernet0/1/0/47.137,SSS_TGT_PID101728811, 
MKTG3610CIBE001,TenGigE0/1/0/16.1050,***Test interface for loopback - use for less than 10G***, 
CKL00Y84CICU001,TenGigE0/0/1/6.101,PID1-14MZQGO_TRUE MONEY PHILIPPINES INC._METRO ELINE_20M, 
CKL00Y84CICU001,TenGigE0/0/1/6.102,PID1-14TKT4Z_TRUE MONEY PHILIPPINES INC._I-GATE_20M, 
CKL00Y84CICU001,TenGigE0/0/1/6.103,"PID1-168V8NS_VERITAS PAY PHILIPPINES, INC._METRO ELINE_10M", 
CKL00Y84CICU001,TenGigE0/0/1/6.104,PID1-16HNZY9_PLDT-Corporate Relationship Management A_METRO ELINE_1000M, 
CKL00Y84CICU001,TenGigE0/0/1/6.106,PID1-170ID3O_PCCW Global (Singapore) Pte Ltd_METRO ELINE_200M, 
CKL00Y84CICU001,TenGigE0/0/1/6.109,PID1-18S1VG1_HKT GLOBAL SINGAPORE PTE. LTD._METRO E-LINE_200M, 
CKL00Y84CICU001,TenGigE0/0/1/6.110,PID1-18TIM4G_HKT GLOBAL SINGAPORE PTE._METRO E-LINE_100M, 
CKL00Y84CICU001,TenGigE0/0/1/6.112,PID1-1920URH_PRODUCERS SAVINGS BANK CORPORATION__10M, 
CKL00Y84CICU001,TenGigE0/0/1/6.113,"PID1-1986N4N_SOUTHBEND MANAGEMENT SERVICES, INC._I-GATE DIRECT_20M", 
CKL00Y84CICU001,TenGigE0/0/1/6.114,PID1-19FPGSJ_HKT GLOBAL SINGAPORE PTE. LTD._METRO E-LINE_100M, 
CKL00Y84CICU001,TenGigE0/0/1/6.115,PID1-1BZB7QV_POWERBALL MARKETING & LOGISTICS CORP_SID PMLC26-012020-13803_METRO E-LINE_10M, 
CKL00Y84CICU001,TenGigE0/0/1/6.116,PIDNONQID_PHILIPPINE STATISTICS AUTHORITY_I-GATE DIRECT_40M, 
CKL00Y84CICU001,TenGigE0/0/1/6.118,PID1-1BPXT5V_SIDSTSL-02-112020-27479_SYNIVERSE TECHNOLOGIES SOLUTIONS LIMITED - PHILIPPINES BRANCH OFFICE_METRO E-LINE_2M, 
CKL00Y84CICU001,TenGigE0/0/1/6.119,PID1-1BPXTAR/SIDSTSL-02-112020-24157_SYNIVERSE TECHNOLOGIES SOLUTIONS LIMITED - PHILIPPINES BRANCH OFFICE_METRO E-LINE_2M, 
CKL00Y84CICU001,TenGigE0/0/1/6.120,"PID1-1C299RK_SI142-012021-57625_PAYMAYA PHILIPPINES, INC._I-GATE BOD_200M", 
CKL00Y84CICU001,TenGigE0/0/1/6.121,PID1-1BPXDDE_SYNIVERSE TECHNOLOGIES SOLUTIONS LIMITED - PHILIPPINES BRANCH OFFICE_METRO E-LINE_2M, 
CKL00Y84CICU001,TenGigE0/1/1/1.101,PID1-182U7HV_MALAYAN INSURANCE COMPANY INCORPORATED-DATA_METRO E-LINE_100M, 
CKL00Y84CICU001,TenGigE0/1/1/1.104,"PID1-1BYG787/SIDEPLDT01-022019-39296_EPLDT, INC._I-GATE PREMIUM_1000M", 
CKL00Y84CICU001,TenGigE0/1/1/8.101,PID104467563/GTDC04-042019-23077_GRANDBO TECHNOLOGY DEVELOPMENT CORPORATION_METRO E-LINE_150M, 
CKL00Y84CICU001,TenGigE0/1/1/9.108,"PID1-17QRON3_ePLDT, Inc._METRO ELINE_10M", 
CKL00Y84CICU001,TenGigE0/1/1/9.110,PID1-17IJKJD_FIDELITY INTERNATIONAL RESOURCE MANAGEMENT INC._METRO E-LINE_4M, 
CKL00Y84CICU001,TenGigE0/1/1/9.111,PID1-18PA07B_BT GLOBAL SERVICES LIMITED-UK_METRO E-LINE_2M, 
CKL00Y84CICU001,TenGigE0/1/1/10.101,PID1-YLZDBP_SUN LIFE OF CANADA PHILS INC (SUN LIFE ASSURANCE)_MET-E_1000M, 
CKL00Y84CICU001,TenGigE0/1/1/10.103,PID1-117FSEU_SUN LIFE OF CANADA PHILS INC_SUN LIFE ASSURANCE_I-GATE CEN_100M, 
CKL00Y84CICU001,TenGigE0/1/1/10.104,PID1-11Q4BTV_SUN LIFE OF CANADA PHILS INC (SUN LIFE ASSURANCE)_MET-E_100M, 
CKL00Y84CICU001,TenGigE0/1/1/10.105,PID1-12UZ5V5_SUN LIFE OF CANADA PHILS INC (SUN LIFE ASSURANCE)_METRO ELINE_100M, 
CKL00Y84CICU001,TenGigE0/1/1/11.101,ECSA-GA_PID1-11BFKJC_VERIZON HONGKONG LTD_VERIZON BUS ETHERNET_500M, 
CKL00Y84CICU001,TenGigE0/1/1/11.903,PID1-13254V9_SUN LIFE FINANCIAL ASIA SERVICES LIMITED_FIBERNET PL_100M, 
MTP00H22CIBE001,GigabitEthernet0/1/0/45.102,IBM_PID101407543, 
MTP00H22CIBE001,GigabitEthernet0/1/0/45.106,PID101485099_FRANKLIN, 
MTP00H22CIBE001,GigabitEthernet0/1/0/45.120,"PID1-YCXBFW_YKK Philippines, Inc._METRO ELINE_4M", 
MTP00H22CIBE001,GigabitEthernet0/1/0/45.125,SSS_LIP_PID1-12C4C75, 
MTP00H22CIBE001,GigabitEthernet0/1/0/45.138,SPI_TEST, 
MTP00H22CIBE001,GigabitEthernet0/1/0/45.152,PID1-12DUFCC_HTECH_MET-E_16M, 
MTP00H22CIBE001,GigabitEthernet0/1/0/45.203,PETROENRGY_TNW_PID1-134Z7NA, 
MTP00H22CIBE001,GigabitEthernet0/1/0/45.1133,ECSA-GA_PID1-ZU8ZSG_TATA_TATA ETH_50M, 
MTP00H22CIBE001,GigabitEthernet0/1/0/47.70,CIPB3016_NCO, 
MTP00H22CIBE001,GigabitEthernet0/1/0/47.83,CIPB3061_IBMNUTR, 
MTP00H22CIBE001,GigabitEthernet0/1/0/47.101,CIPB3068_STORE, 
MTP00H22CIBE001,GigabitEthernet0/1/0/47.108,CIPB3085_IBM, 
MTP00H22CIBE001,GigabitEthernet0/1/0/47.113,CIPB3086_MONDE, 
MTP00H22CIBE001,GigabitEthernet0/1/0/47.118,CIPB3088_SSS, 
MTP00H22CIBE001,GigabitEthernet0/1/0/47.126,CIPB3103_CITCO, 
MTP00H22CIBE001,GigabitEthernet0/1/0/47.131,CIPB3088_SSS, 
MTP00H22CIBE001,GigabitEthernet0/1/0/47.145,CIPB3088_SSS, 
MTP00H22CIBE001,GigabitEthernet0/1/0/47.146,CIPB3088_SSS, 
MTP00H22CIBE001,GigabitEthernet0/1/0/47.517,CIPB3061_IBMNUTR, 
MTP00H22CIBE001,GigabitEthernet0/1/0/47.518,PID1-11QSS1W_UNIOIL PETROLEUM PHILS. INC._METRO ELINE_4M, 
SROS3549CICU001,TenGigE0/0/1/10.404,PLDT-ELINE-EVPN-CISCO-404-1, 
DGPN3809CIBE001,TenGigE0/6/0/1.2946,, 
LAGN0000CICU001,TenGigE0/0/1/2.102,"Planet Cable, Inc._PID104700357_9.5G", 
LAGN0000CICU001,TenGigE0/0/1/2.150,"PID1-1A8TB8B_PLANET CABLE, INC._LAGHUDE033", 
LIPS1300CICU001,TenGigE0/0/1/3.101,PID1-17GSQR4_DE LA SALLE-LIPA_LOCAL ACCESS ETHERNET_500M, 
TUG00N31CICU001,TenGigE0/0/1/10.702,PAT Test, 
TUG00N31CICU001,TenGigE0/0/1/11.1003,Traffic BH loop0 temp, 
TUG00N31CICU001,TenGigE0/1/1/1.101,PID1-18CQUXC_PHILIPPINE GLOBAL COMMUNICATIONS INC.__100M, 
MKTG3610CIBE002,TenGigE0/1/0/16.102,***For loopback test***, 
MKTG3610CIBE002,TenGigE0/1/0/45.2000,, 
NSBS1366CICU001,TenGigE0/1/1/8.1024,IPR30903_FTTH_VoIP_Prod_CATFEOL001 FTTH RTP, 
NSBS1366CICU001,TenGigE0/1/1/8.1025,IPR30076_IPTV_CATFEOL001 IPTV DHCP, 
NSBS1366CICU001,TenGigE0/1/1/8.1030,NSBS1366CICU001_CATFEOL001_FTTH_DHCP, 
NSBS1366CICU001,TenGigE0/1/1/8.1035,NSBS1366CICU001_Prepaid_FTTH_DHCP, 
NSBS1366CICU001,TenGigE0/1/1/8.1039,NSBS1366CICU001_FTTH_DHCP_Public_IP, 
NSBS1366CICU001,TenGigE0/1/1/8.1050,NSBS1366CICU001_CATFEOL001_FTTH_PPPoE, 
NSBS1366CICU001,TenGigE0/1/1/8.1059,NSBS1366CICU001_FTTH_DHCP_Volume_Based, 
NSBS1366CICU001,TenGigE0/1/1/8.1108,DICT_BATANGAS-CALATAGAN_PID1-1ACYKPF_I-GATE_PREMIUM_10M, 
NSBS1366CICU001,TenGigE0/1/1/8.1110,METRO_VANTAGE_PROPERTIES_INC_PID1-19O35I7_I-GATE_PREMIUM_30M, 
PRQG0049CICU001,TenGigE0/0/1/10.501,PAT test, 
PRQG0049CICU001,TenGigE0/0/1/10.3001,Perf-test, 
PRQG0049CICU001,TenGigE0/0/1/11.1001,to LCN ASBR1 traffic huling BE44 DF loop, 
PRQG0049CICU001,TenGigE0/0/1/11.3120,to LCN ASBR1 traffic hauling BE44 perf-test, 
OLGPXOLGCICU001,TenGigE0/0/1/1.102,PID1-19UUUJV_ASIAN VISION CABLE HOLDINGS_METRO E-LINE_4M, 
